{
  "IcoMoonType": "selection",
  "icons": [
    {
      "icon": {
        "paths": [
          "M416 638.384v65.616h415.921c17.717 0 32.079-14.365 32.079-32.239v-415.521c0-17.805-14.063-32.239-32.079-32.239h-639.842c-17.717 0-32.079 14.365-32.079 32.239v415.521c0 17.805 14.063 32.239 32.079 32.239h63.921v-65.616c-19.795-20.201-32-47.867-32-78.384 0-61.856 50.144-112 112-112s112 50.144 112 112c0 30.517-12.205 58.183-32 78.384v0 0zM288 661.222v125.977l48-47.999 48 47.999v-125.977c-14.548 6.911-30.822 10.778-48 10.778s-33.452-3.867-48-10.778v0 0zM256 736h-63.842c-35.453 0-64.158-28.655-64.158-64.003v-415.993c0-35.522 28.725-64.003 64.158-64.003h639.683c35.453 0 64.158 28.655 64.158 64.003v415.993c0 35.522-28.725 64.003-64.158 64.003h-415.842v128l-80-80-80 80v-128zM224 352v32h576v-32h-576zM512 448v32h288v-32h-288zM608 544v32h192v-32h-192zM336 640c44.183 0 80-35.817 80-80s-35.817-80-80-80c-44.183 0-80 35.817-80 80s35.817 80 80 80v0z"
        ],
        "attrs": [
          {}
        ],
        "isMulticolor": false,
        "isMulticolor2": false,
        "tags": [
          "certificate"
        ],
        "grid": 32
      },
      "attrs": [
        {}
      ],
      "properties": {
        "order": 1,
        "id": 1,
        "prevSize": 32,
        "name": "certificate"
      },
      "setIdx": 1,
      "setId": 3,
      "iconIdx": 0
    }
  ],
  "height": 1024,
  "preferences": {
    "showGlyphs": true,
    "showQuickUse": true,
    "showQuickUse2": true,
    "showSVGs": true,
    "fontPref": {
      "prefix": "icon-",
      "metadata": {
        "fontFamily": "icomoon"
      },
      "metrics": {
        "emSize": 1024,
        "baseline": 6.25,
        "whitespace": 50
      },
      "embed": false
    },
    "imagePref": {
      "prefix": "icon-",
      "png": true,
      "useClassSelector": true,
      "color": 0,
      "bgColor": 16777215,
      "classSelector": ".icon",
      "name": "icomoon",
      "autoHost": true
    },
    "historySize": 50,
    "showCodes": true,
    "gridSize": 16,
    "quickUsageToken": {
      "UntitledProject": "MTJiYTc5YTE2MjY0Y2Y5MDBjMmVhY2JiYmMyMmM1N2QjMSMxNjkyNzQwMTgzIyMjYjAyMjhkMDI0Y2Vi"
    }
  }
}