{
  "IcoMoonType": "selection",
  "icons": [
    {
      "icon": {
        "paths": [
          "M365.714 146.286h292.571v-73.143h-292.571v73.143zM1024 512v274.286c0 50.286-41.143 91.429-91.429 91.429h-841.143c-50.286 0-91.429-41.143-91.429-91.429v-274.286h384v91.429c0 20 16.571 36.571 36.571 36.571h182.857c20 0 36.571-16.571 36.571-36.571v-91.429h384zM585.143 512v73.143h-146.286v-73.143h146.286zM1024 237.714v219.429h-1024v-219.429c0-50.286 41.143-91.429 91.429-91.429h201.143v-91.429c0-30.286 24.571-54.857 54.857-54.857h329.143c30.286 0 54.857 24.571 54.857 54.857v91.429h201.143c50.286 0 91.429 41.143 91.429 91.429z"
        ],
        "attrs": [
          {}
        ],
        "isMulticolor": false,
        "isMulticolor2": false,
        "tags": [
          "briefcase"
        ],
        "grid": 14
      },
      "attrs": [
        {}
      ],
      "properties": {
        "order": 1,
        "id": 0,
        "prevSize": 28,
        "name": "briefcase"
      },
      "setIdx": 0,
      "setId": 6,
      "iconIdx": 0
    }
  ],
  "height": 1024,
  "preferences": {
    "showGlyphs": true,
    "showQuickUse": true,
    "showQuickUse2": true,
    "showSVGs": true,
    "fontPref": {
      "prefix": "icon-",
      "metadata": {
        "fontFamily": "icomoon"
      },
      "metrics": {
        "emSize": 1024,
        "baseline": 6.25,
        "whitespace": 50
      },
      "embed": false
    },
    "imagePref": {
      "prefix": "icon-",
      "png": true,
      "useClassSelector": true,
      "color": 0,
      "bgColor": 16777215,
      "classSelector": ".icon",
      "name": "icomoon",
      "autoHost": true
    },
    "historySize": 50,
    "showCodes": true,
    "gridSize": 16,
    "quickUsageToken": {
      "UntitledProject": "MTJiYTc5YTE2MjY0Y2Y5MDBjMmVhY2JiYmMyMmM1N2QjMSMxNjkyNzQwMTgzIyMjYjAyMjhkMDI0Y2Vi"
    }
  }
}